sigmam,sigmaM,N,runout
141.82491450169243,758.5060430500258,9225.697201913348,0
-103.63044155566426,938.976837085782,3419.8035363676063,0
147.56187889282648,672.0170081459,19930.30618138631,0
47.26828850404657,146.03708368832764,778583282.636907,0
63.13738934734801,157.598345733302,3455491948302.9663,0
-97.2474641432889,398.5991065710983,75490.8551493243,0
80.83988427562731,697.1227150021584,11027.572266701303,0
64.40809535982558,556.7698870740376,39933.13537859678,0
-40.261994915221905,855.7228858052082,1879.3355481192411,0
-201.43939421750414,625.0244102524097,6170.160558272986,0
56.856161739931125,172.83749627724603,201290834620.91632,0
-7.992194918862304,473.6738570516271,35059.2000477343,0
-215.02243138214064,543.801948058303,8576.174109905198,0
-233.7323210278008,749.527166358571,4405.288983154806,0
-176.85673278021736,402.5493252331918,32562.442163271528,0
167.58087895838216,518.6273211942633,242532.01000213053,0
307.6369361724736,730.3550819321418,29617.775453286893,0
-151.33880355189305,471.3876701330034,28095.5449454537,0
61.62377128107665,583.3266560549218,20919.286169711533,0
92.1724317722359,590.6857667960744,20461.207073473757,0
-121.71573367735152,398.2307552432153,77607.78440872843,0
-42.3551429451126,152.8700985990666,6125692.135515952,0
-2.240020507923518,576.791336383435,11527.686913816531,0
41.501510191337815,133.62016582807422,36619881611.85056,0
-66.33670004624149,431.3031236199974,30156.200156148512,0
161.21882257061046,467.3192217243748,215816.9061851276,0
14.041215636210936,226.0501706683342,22124854.740583736,0
91.53356467108331,238.07577305077103,5449199591.134406,0
189.4584020999376,400.960492911936,31125266.01668011,0
-183.81329844684612,473.1366719215779,15736.021997895656,0
301.4401998759722,681.6011302813322,33205.9508608457,0
-20.622464733602794,790.8626677578482,6415.676227536392,0
-73.91489224345504,167.4547862631013,31365943.838563018,0
79.15315110299974,385.1300092866314,374518.4574458996,0
-190.33867279591237,550.9580811746489,20373.72377092609,0
235.30638028300956,621.1058249931252,159236.9681182077,0
132.00019396811732,461.2760044295542,89761.25715492795,0
315.280871665002,660.4150796416442,276558.6805230554,0
337.57334800731024,702.4794348805534,85360.93412730235,0
39.659769245853475,937.5362561947352,3297.5052285767124,0
-100.47480188603748,892.4152845199391,2187.493188075821,0
270.2974944642504,736.8379330427774,94765.051701282,0
170.42985426378527,432.7996202685376,559809.802408189,0
133.93280721729127,398.5693006171089,766939.1934941523,0
74.64072871847442,247.87170773973597,80876891.73290303,0
-103.97107570117146,356.0492600899817,120047.3422396478,0
49.740136888252145,480.55437849158926,35279.57463284216,0
-41.89269793323402,433.5878796699675,43388.69181133422,0
-245.9919748150083,887.0655045785509,3696.99989930328,0
-157.152602142178,713.0097657390121,4850.844243351108,0
41.24084412550685,276.1260884983642,5436230.750010801,0
-69.6657618455048,894.214603941499,2913.158171484931,0
327.4354256168303,825.6080956538533,16668.69750509,0
59.445498064323544,412.6163916661497,121181.69983626613,0
369.71035491496167,935.932281964913,9116.752172494796,0
-183.21881464522164,593.1203713724235,8034.3193693227695,0
9.369543712794044,496.9972095959434,111999.2025704399,0
31.196111385331825,284.82497906693925,4201154.618451193,0
-7.966469205476383,241.42131559719752,7286458.518422498,0
46.09984585907552,192.588065120442,2497016608.9637904,0
-179.34033752890886,728.4639689252074,4663.230619231637,0
144.2330105937725,503.7462213478233,242465.60302364427,0
280.00777204731133,624.422016630875,120901.86474340314,0
30.619952535288284,319.0755266766548,2946052.688517338,0
17.596612181651363,123.75517241891232,4565340416.683075,0
-94.34871964141684,646.6725491988789,9081.187633059935,0
169.33120149737152,875.0693495598663,6242.27753896766,0
-34.477277552302915,400.2042975795163,136556.35567266247,0
248.2124013524439,923.6966928818028,7917.243089055342,0
89.88924070309562,381.8799488977184,1092378.9868850007,0
-247.82973665678756,875.9363770878577,1181.146770034013,0
32.97230393308697,224.65323579233572,38012960.91853159,0
29.382654239533768,454.977907062236,97293.59513140068,0
64.47222108176058,205.81465612708192,308981394.7598381,0
61.059372919014926,452.33848461433627,29020.896031023443,0
-93.60223880319118,702.4681084062182,5223.109789171853,0
-126.86994613681532,604.8649794530563,4817.618806376023,0
-96.50675548407952,492.78128725261183,18765.859714191003,0
-58.16975937949714,619.6617166932338,23836.57894905819,0
34.392285734038296,145.881054856305,415507699124.4177,0
84.97370626005903,587.6869646217519,23397.636888522276,0
402.1566081409639,898.2330566122575,42236.01192668193,0
-69.76486346067925,161.32083993360774,43385540.73191526,0
94.81991978328733,369.1239772010756,979508.7055736342,0
18.56334409306891,469.2640498388299,68143.75235941728,0
-3.507074386417586,106.6785315877268,714396164522.0367,0
96.90056285015416,914.5096164164904,3551.8258417176253,0
-193.88861719498317,780.4998127759943,5940.452994070381,0
-145.8548532711075,409.75678542894434,16690.272709999386,0
-36.77304446053238,719.6417979083318,10606.34644762776,0
119.24590065254642,355.35184147490406,2266884.510241453,0
110.71387125024332,245.70103659233192,317325682.8645514,0
-44.278240363083576,117.62728367646466,917868895.5784686,0
73.43203594867632,401.1648825768568,989256.8399547936,0
165.284332096908,814.684822435401,10461.16845776536,0
212.09511339518332,558.1600700053052,258217.67492053853,0
70.10528592587686,944.8226833536932,7042.459568581538,0
-174.72785405255703,950.444153787134,1704.5116422068393,0
-238.94596457110399,628.987288999492,4521.88581492792,0
-270.1871545622416,824.6833375287283,4358.760050908466,0
-76.42276851322889,712.2296692265787,3753.957745618959,0
-177.9954624168562,360.6070620653349,32774.13736565222,0
-105.66469778144123,371.2162603479479,57441.91981553468,0
276.2490478639315,655.2938488017438,51722.25595981763,0
175.11013430292343,822.4575591339143,6568.290287096488,0
-107.8441389645647,235.9647608609004,123908.17375493924,0
35.991903589271026,180.71677119986748,887397864.6083175,0
289.7679552326331,846.2185493873409,20053.830362913697,0
-126.37704713247649,517.4628758371935,6239.213955690967,0
-41.46436020771183,245.9107643593778,3987816.9647740847,0
85.54413276438608,368.29009014248464,744550.4331291756,0
94.97217049521596,837.6506509580109,5057.077092257044,0
69.47197562460775,867.6129400441712,6310.323560162072,0
-301.32059766611775,907.3835566902812,1705.0413391707668,0
-88.58693986009463,590.8750932399298,20114.954567108445,0
81.26470043852976,244.0556493037637,1905350438.0590413,0
-91.80041644752933,337.3001594660881,110142.30187223188,0
7.044538150567655,111.13857115986576,22928430602635.484,0
225.73416908687105,485.2983222154793,233918.69949229885,0
7.0244394920430855,305.3674204091011,217387.4302857024,0
68.84102191095596,359.6575879171454,929854.3835431116,0
204.63869061078375,903.7385442813096,15184.503286904312,0
188.81312680882723,417.2991924673366,5539303.111984986,0
-80.02216523647817,626.828772877135,8129.615745761318,0
146.40417025107382,500.5291916096443,283077.1126578209,0
-38.202539398631174,638.4084455551358,6116.290437542993,0
369.3739613735933,922.3117115921492,13853.773003080483,0
176.02887127002194,427.8313626319694,2035795.1539341907,0
-55.02416962694668,587.9522748081504,22851.24488233062,0
31.347995362063884,128.46157961688974,43654036837.29105,0
29.696913574038273,196.75472288090327,949028061.936802,0
-137.5594096027931,504.7795151046574,12665.36876305908,0
313.7245470357343,635.4630302925224,129675.79007485585,0
280.4958075831317,682.3920673200063,58387.29828081116,0
85.84079773332166,910.0108437996278,7580.062793515766,0
219.81140303495772,491.47818868278665,18310.14210424293,0
-280.97450967291695,618.7896883515951,4496.732229554613,0
-28.85841484397524,307.8417791490517,252245.69017490116,0
375.2919844879493,841.0284721823708,25843.45938434389,0
-55.83737155903957,418.6052572182844,45566.17078839242,0
-128.09026803680206,719.0311446822944,10389.52617251318,0
5.650330758270445,448.60829538016486,42898.75592951457,0
225.53728422089185,672.251337837026,52977.555916166086,0
179.20669615744166,938.21054566973,6733.490420966467,0
-221.78633509753243,660.8211154227325,4606.959026760143,0
164.17905901787194,329.39295488083,1801417.7438373135,0
-65.34731039086917,373.3724934435152,275277.33551217,0
231.2972692933857,613.0240543141704,145261.476808173,0
146.74042693403632,342.749845192921,5919416.702244214,0
-215.95252702781147,913.519290907718,2235.5514482847298,0
-228.77514942230835,627.4562086554262,8352.866578687082,0
-134.0531583065965,644.3496508170267,5090.770395626644,0
-188.34197404130973,638.3283693707114,8426.680291543365,0
-170.87502987812644,490.3679171230115,19144.288052688986,0
80.82469507092267,390.0594192685784,241438.3054740046,0
-279.02885874621205,585.6597308462767,5311.881095646807,0
262.02237895999724,931.8350564484006,11314.988688562402,0
-205.20683227087426,883.4989163826707,3586.2240459979766,0
-28.571681749809116,354.30449890320256,160945.2889969301,0
346.05747404145075,810.9928761489734,46808.2238052513,0
-143.8609275106121,342.2258718179971,93253.04045785309,0
-268.781415938196,859.6712561085042,2805.775542479091,0
-245.28494203776074,940.4779975310208,2879.079817099613,0
-116.22129800964947,609.5532546128022,4493.164783714754,0
-60.58322246576295,157.73713039807083,4695795.0933285,0
-115.7837020579645,716.0287126021005,4274.509087191117,0
-103.56460627190178,617.819354488374,4840.55303630089,0
-126.96012199225711,308.03010501664903,123320.88532583351,0
-49.751412296278374,182.86317579541048,6395339.60849039,0
209.5203364173813,788.0985224578552,15033.595438369452,0
-8.248556619523162,601.3313655532197,8420.876690834242,0
200.15878765743523,639.737926534409,7866.552988548134,0
-72.80261623107717,298.6613516201854,234787.74999342416,0
103.47526766985258,566.0251256627489,22392.35730016445,0
-117.04956250625933,651.067100368319,7592.683365780092,0
-34.507233656314185,241.58696230588345,3998356.3234539074,0
-151.01663339055193,596.253714707248,12266.054023052582,0
-74.70067412212423,369.11606244139546,12762.274592928035,0
-81.69505876371272,336.0643185810941,112463.37980977992,0
61.7212434380449,259.7197362196729,49556644.920772016,0
408.2635927771606,902.268770004064,17653.57290026818,0
-43.0006184544371,812.167741919359,2951.036580946077,0
-355.1028695305701,752.0627301228001,2897.242505017579,0
-93.7523847557804,699.2770186514543,4430.649139034531,0
105.11254946128977,847.7152292408852,1226.7153463799789,0
177.50003289913428,504.8349786529711,393256.69718377007,0
90.78795170896933,197.2284155500089,4069155250.5323486,0
164.34111906969142,571.7135822450889,36005.56508182586,0
-135.12121624471823,621.8610436169059,6929.146418123388,0
55.95185312796891,354.32985446853934,493130.6102669105,0
-49.36581891138546,454.4557786917223,6738.187413065082,0
-61.74928650151841,467.803506997865,19881.975708671955,0
30.707707029761774,162.38884048623754,85399385870.47833,0
91.00977206640985,186.37087078832477,18392306322303.867,0
-345.34578074348417,870.9386035030539,2735.3746643125446,0
21.409890702288447,579.6127727881183,24246.82425226701,0
43.45665749327648,155.08778790381896,7115579547.597573,0
25.728090184466723,246.321116701614,3514509.7432977497,0
-338.7657610970229,769.2689061415881,3113.9105448030755,0
158.20569590232375,321.9725595763458,880441836.239076,0
59.962768398176095,215.16978140879317,83343036.59300242,0
57.7175670630551,158.23619587037828,3911497293366.667,0
-64.46514142763856,471.4199612066638,16565.91293342674,0
-215.087430872058,625.3967272734645,5025.34290759663,0
11.843956849135528,781.2746400041899,10136.001986947642,0
-269.7618912716727,544.9526912413683,6150.155307695038,0
-102.57810979790767,588.9352649988398,7374.838205313175,0
-12.06587704681012,465.93003427397366,60401.97399482941,0
256.7937405574033,869.470026067561,21006.08307890827,0
-140.14874233719794,543.3925061384682,9498.610009054866,0
-359.644905734082,836.2374343425009,2622.2493335629183,0
138.94109745738058,518.3792999597431,44937.60316673124,0
-22.60408978576008,232.53533264546385,1265100.4371317453,0
277.95043579188774,852.5106192656283,11385.685376213174,0
84.37714225069732,761.2687968420264,6803.943799860674,0
444.89885583287605,908.5860867406356,8369.373894275723,0
339.0908816031914,733.932316110335,64964.79427324488,0
-372.8277828028317,748.9952179007804,3103.6125978792875,0
43.29777937872712,193.76058358222525,194738420.38165623,0
6.78030417711545,183.70672926037815,1145128606.7593694,0
27.090801892288656,133.8672542952122,10355864823109.69,0
-75.75542036699613,418.00419373091614,48925.10528941765,0
44.67495487119091,184.90935687972427,31274687079.17361,0
-2.1856770767590707,106.31415309347746,724258216981811.6,0
-106.36883307249883,451.2598700137596,24865.718011940546,0
105.90342695662366,222.53539101799112,2470494991.174973,0
-289.9949652002971,842.8155027760934,3738.41924528361,0
51.592405617714505,300.32515485526744,290663.30194978486,0
-222.26679235230898,957.4708755838489,1707.329104123989,0
37.86124193609932,698.0642199269714,7443.554756208636,0
-374.0608721437941,831.9667462228472,1644.5824502908315,0
-126.26076506090048,576.4696712759985,10503.362136946827,0
-351.30089623003056,887.4574371207198,2209.6811570409345,0
-230.07889286417185,831.4165310250056,2616.905074227613,0
-40.95933024696233,910.2542090643636,3224.819650217661,0
42.731021874290896,245.33234356051952,13845682.320610862,0
213.47896488447248,677.8392264710504,62749.182090711285,0
106.76725637715316,479.8568955185472,65284.58048214045,0
-97.3426575948342,270.13644446425656,950489.5887319876,0
49.3137908417517,289.3290644977758,103732.9384357434,0
-170.75908214399013,415.9973761715932,20087.98277969702,0
210.4575984603022,483.2412726752167,493657.1489795887,0
52.20917020137335,432.9318116311031,74105.94815483378,0
-170.6183051514741,682.9192198970463,5747.00163725942,0
-7.927232773584411,150.87517909422007,1019941791.6991912,0
224.97703116119675,536.4725580699851,95858.59541384644,0
-61.41096057733976,906.3257328201572,4380.316051380235,0
155.73013486953732,602.1681077723622,24589.79056399576,0
16.587977596124095,365.9245144555422,91419.07990039284,0
121.72666344321325,269.8764564160607,463258390.7537085,0
-96.52688414248983,440.762182095236,52783.43318302771,0
280.56940434895444,815.5848506520595,9901.05786905584,0
92.20706715438914,314.6067382924866,14022593.54873904,0
365.2180214090005,734.0163871152678,63236.44842733679,0
228.69046827173105,474.54611315116034,5315976.702051784,0
-38.23039857261643,514.29687041532,19971.149309303342,0
-258.843390656211,745.2425344602902,5022.363478272934,0
138.8724033284005,293.90968296817533,469013512.2424387,0
-153.92505914747804,489.28771181538815,11121.308438946482,0
-224.7754232882515,684.911971037752,3885.028635458269,0
17.04926310537626,214.54632787554425,24190869.295776203,0
67.81865710215122,179.60819736607576,49025953363.19805,0
49.85370527230374,654.1298805486186,22577.26345431681,0
-209.8281032954982,507.8281241623778,20881.68504642503,0
362.75453710829726,755.714316208419,19010.48470138061,0
-436.52427103698074,898.5199990834511,1819.220503584168,0
4.470589037307796,144.9273730354258,40012041751.10376,0
260.19206344298016,580.9303949258565,285921.573561269,0
-55.56107816363917,477.3112082190128,16288.765325881812,0
187.66273210908784,621.875993995818,30990.779247831902,0
-40.671383064460684,246.9019782946792,314173.7288110036,0
-412.8676602959838,873.4532106606454,3242.5853062049755,0
186.0945808034183,532.3323737861808,69851.52469555999,0
-280.8546547542051,877.8947042282232,2821.8872214056514,0
259.5020184450097,619.7421454688306,262300.7363828268,0
-13.452549859965407,325.7948105716076,32621.55254063312,0
17.840642887873642,102.38317257224271,1.6339808518979486e+16,0
172.64918952277867,948.7656517792888,7810.461587580742,0
-124.52177594931888,882.4864697898664,2169.6316175610627,0
151.33287954003515,508.6579290458609,328871.42339117546,0
205.891204837574,822.0884685684508,12529.569834440445,0
-53.63572888298909,539.4225886116677,14458.164542876506,0
378.7756140982765,759.8036159552769,60005.85136715918,0
-222.9383667213262,458.2107035186149,13187.219498255645,0
-65.09619689831673,270.15943079562555,296353.2295161227,0
-313.17629908477153,754.3805155295719,2435.5008740592075,0
-92.16231655559129,507.68151358733775,15883.71902555357,0
32.3444854617252,116.92749343119876,772075499358844.2,0
241.52385175231086,951.1008385953888,4657.413329972473,0
-144.92546106843378,580.6956097800161,10957.2943806494,0
-41.33082792640944,116.80375157266276,7589708468.895805,0
201.89990468901422,944.1040255139472,4122.2140077916765,0
255.36143939468298,630.1990064616956,83694.28026426015,0
-270.801910007097,686.1856541664721,5578.34393800436,0
-264.7753938461796,640.7379485417216,3898.430226293231,0
-47.59426013605033,315.55160132752985,211235.0324748777,0
1.4082183394173664,319.60519926383535,513388.5360147761,0
-343.3004180825353,729.351213525856,4285.644269097596,0
-42.83909200843777,783.5750464918792,6090.398905759137,0
-188.10531757290207,534.3844332797611,9070.42362378627,0
1.151354235972261,512.3941667855931,64684.4931310561,0
105.14207454799799,339.2598620298213,1568325.1354985298,0
-77.7370359885876,922.0567477491122,3932.993178394909,0
-43.457392907622236,150.31992685390367,483502934.6382869,0
68.56754544068104,142.01124925859014,680690957751107.9,0
297.30969775224025,947.6406625637128,8305.137241321485,0
-149.85632343771564,745.7295641392593,5461.90077100923,0
128.7985349993712,270.0421008936539,122227465.9853006,0
167.54115184997318,832.6108003231438,12472.761715785266,0
-316.8745920160319,878.5227561981352,2668.1783892846547,0
98.11613753679623,339.2772179872194,2631022.6044401787,0
-60.08512578602146,433.97992320150473,48403.60689139596,0
-28.86888370574808,381.249841795965,129466.90444840716,0
322.68524040167506,743.6446634142312,33424.02421372238,0
5.743755676591628,535.4087280382978,11091.547885761478,0
-76.0746028482484,673.0921842302803,11808.786413210652,0
-289.15344151790254,588.0117281269354,5401.598856571363,0
-268.5079567620414,563.160635293845,10656.368232205838,0
-134.6886689949404,410.7829033748339,34553.1615705384,0
51.979341336900816,651.1343522027362,32453.832829517836,0
-353.46605085146854,914.603611269321,1610.955505942667,0
-90.6212032345173,270.3208882059514,103204.4742109487,0
426.6060108962471,920.0595015530464,8315.710431675712,0
-32.9942869353721,626.2868816260758,4570.275260361127,0
291.3924269067981,919.9606702033694,7010.312861005839,0
-66.85459913125747,557.2334154113149,14448.013176520211,0
80.79413732860787,162.4211680358462,164306738907226.78,0
-27.26974547440556,885.6431663536539,3962.239102178432,0
-226.75045169014405,948.24157023893,2582.165786726767,0
-57.83699757053088,428.6423701414906,52238.78443104572,0
-26.66045944226858,269.010300972375,469837.7977132983,0
-332.82267213574943,940.876101359152,2152.8445807405137,0
158.08403530847482,744.7332611983943,10387.92564450753,0
-85.5260474348302,378.6673992744053,112105.04545207572,0
337.8465174131132,913.6653980683584,20035.77482414201,0
-56.79916476455899,313.6562291413245,318475.7770595832,0
282.5669642341018,572.080775668531,34781.49553972865,0
-76.63902741616045,358.40854222260754,98515.9515818174,0
304.5517159378505,774.6642453007307,63008.97743262249,0
-121.58916516139435,642.8327944354699,8943.170374133013,0
-396.77613865919386,842.841154448715,2193.792479273789,0
-2.5752006932777243,220.4689660950256,69385467.36057603,0
-13.4885019922635,267.04533126553764,1384500.5652128423,0
41.73680726637856,657.245745957158,11292.555386247488,0
-371.53849315750364,926.8978129551724,2965.0087473118506,0
47.27960261793603,373.30538668371776,252622.01823017024,0
116.04046643684654,381.3683202156876,202738.67409822575,0
-22.317610699004216,322.4275593787679,47087.554352175,0
215.14803415864168,675.2485643058346,21056.68208617081,0
294.6688964044325,916.2674781686017,3677.9022051803063,0
-102.41448864079223,255.2071081782468,191770.2124720899,0
-249.38883158535614,604.8726316903744,9921.065568407254,0
-117.97063201829151,764.7691049944411,3877.1490588900488,0
6.7850106731659485,216.02978034382448,154425491.19957608,0
-26.00266746854869,537.092953149935,18010.86971118203,0
58.52678614811298,791.5629438874097,4457.082766816461,0
-49.67658286544867,136.12518014762549,9817491.732097996,0
-18.732320871331392,113.85454657927046,21079253327.977097,0
-39.64775190705454,824.6840167639688,3901.308150782133,0
47.47143961435065,873.8252558959084,7266.189744877675,0
-36.15270391746257,183.61889228188423,4301091.285088799,0
111.48603976102524,336.4683199496061,839608.3575404208,0
-307.71016647580933,746.3972590821234,3889.955941386059,0
42.84450952226474,323.5880554170154,1246459.9202586955,0
156.44121017931806,346.2907212397172,3566617.553733929,0
-320.4757090708231,826.6708510486259,2595.274228781194,0
135.25333815131768,425.7773276909829,2436836.6937184627,0
-224.06903958528608,622.0819935134026,7458.770205572626,0
17.25535238897674,149.66995175542448,6614152294.186247,0
-329.96001627685604,791.513410800377,3225.646081050969,0
-190.87650908225652,671.6180507452982,5809.239592929054,0
70.5612723907338,446.90022480247865,153607.019213915,0
104.27860677778095,228.52109349845605,13765925984.91466,0
-110.84832064044699,251.69662137775495,569627.5165237782,0
15.15834461515033,168.10900992288128,262802251.59059075,0
-241.32501159785693,553.3445795042308,5508.587789580693,0
41.55862630972113,272.9707057406385,11836254.627061244,0
-24.923772609105956,304.0496517732655,1690421.636859862,0
-289.7932085700548,753.1123212949517,3064.320303977325,0
-165.31354127234016,673.2710809611658,5123.35905551133,0
174.84648327746993,392.80464570575873,1822481.3265925844,0
-30.073013576171665,149.65913241229345,923482409.4495488,0
99.30808114049677,454.6135450753882,25208.952038916486,0
-148.13794776833748,402.1182283418475,42100.92914898246,0
215.5910563565553,798.848957637378,22992.884776278315,0
-98.99573491477025,277.1136735808544,562478.4723031969,0
106.80471838671895,519.3804560977052,48555.77192639602,0
153.8824467052062,451.6713896479771,249869.0203693376,0
-7.9614657544169205,591.5450832395197,13247.75409362314,0
41.563167868139104,740.0079133250196,14066.393181686874,0
-309.78330082747965,862.3259704564031,3267.6373948337555,0
-67.22302909480469,636.158951144474,4875.717119623988,0
-142.25289588775024,651.6083098871903,4844.032522166274,0
442.79316053488947,906.9213127246752,94232.03360478429,0
341.86514162580823,831.929553210149,11635.329635751275,0
-55.08999074742179,889.0338577470209,1339.3178806858457,0
70.9293558238438,826.6455511158867,3304.4713346127974,0
151.21516848086833,947.7033850271472,5410.242753760876,0
17.512007074802934,462.25019273985737,52427.48374004373,0
54.26723368158997,773.9483153236608,19809.008493658897,0
-132.05248600624276,501.1947661130973,24078.406143406195,0
196.56466379455344,556.5005733716557,44942.83992148929,0
-27.84525148595492,114.08064483829226,127147345719.89732,0
-86.69426192546858,272.1821343142953,453126.886608513,0
151.46820479069893,443.7478935750531,374815.2052259091,0
-57.63270039469546,125.32921544880094,175379741.59379345,0
-98.64069381243938,311.48716767072585,375999.71411914687,0
47.73843578340449,142.5574578971968,2877101524428.2734,0
94.43118370946449,323.98622029949524,1776919.0530471206,0
-45.98804947200801,448.6472940110477,37712.95108774779,0
-75.81054114905632,950.3533471328584,3993.769118621826,0
128.94196446346095,577.435944866332,173033.56308736786,0
52.43223626564717,409.1030344478038,236471.57521248792,0
351.41172241286284,754.6285674213775,61337.47739503576,0
-414.93607193586536,938.6051777665128,2859.922733549673,0
-130.24994594487612,495.0589664753676,19073.25798961499,0
-43.1463417729679,147.8103188802268,659561062.4557029,0
26.080319033767736,319.0186847885,75834.13832712326,0
80.91721887545303,180.021537547263,9316250572.646292,0
-121.67443419783189,473.98580551466137,13911.44756244473,0
-208.183851427718,611.0674486031182,6040.573930482638,0
38.767798653613596,124.11902424963196,4077827537491.881,0
86.682615811463,328.0344867991605,5374768.470483144,0
-60.33319346630083,132.70870383802722,92202661.00285554,0
161.57665302040223,676.7594619083451,15080.69692362962,0
-159.1189880125923,336.0638706049402,19420.62450091264,0
-316.12579958915046,781.4204607606434,3013.1406837370646,0
39.04878640242169,496.9028683263518,18374.68158567209,0
84.03584225658732,205.2713452227004,46996117219.3789,0
103.6348902230096,800.3829000281032,3191.554050431064,0
16.032925296480684,358.51299396026417,767622.3845060547,0
90.85015613312214,818.441729991353,5395.419329756322,0
-2.0033157583232297,566.1973494147812,16048.816369968188,0
-77.18867261621058,671.0858278312339,4740.846274243633,0
-221.79278654565246,761.6327156690435,3613.654774817135,0
-206.6907295228714,415.3037983058494,22523.8580948617,0
61.17307223525226,560.925698849993,79358.65814804594,0
223.1435760986176,531.7050217102123,320017.39760898217,0
-20.726722693077686,100.58150996239326,3068694163645.4995,0
114.13899778957914,675.8702463331233,12239.75445542619,0
16.96644607396973,364.271200146175,692924.9535241337,0
-139.06347972964934,304.9873713181928,264135.37067710527,0
-52.023746646945,517.5109904799342,30822.45305947902,0
125.06103046152238,311.66351225172605,22344419.55608213,0
61.18877112756284,283.1879383784134,22218446.6099115,0
130.5410767379338,771.238765660544,15091.545838558555,0
209.50949521615775,730.67897473646,30006.111290178545,0
-70.94786182163338,791.2264329838625,4488.170193207051,0
-82.43704105047364,774.3806267124389,3123.8156562143067,0
-105.33986705000315,246.4738195719584,2257499.0332787377,0
47.844188738136424,837.5983619862611,6309.094817204122,0
-255.66370783519392,700.0202752133437,3271.5951106058706,0
-103.86163228842594,227.5333501295565,212218.4258716502,0
98.02655271464816,795.4129702829937,5963.4705629694245,0
414.7092714569738,843.4789840957679,741.9791193139151,0
-268.89323428013466,838.1498995579396,2839.494479262886,0
78.9305143397872,257.3598691353906,12154586.757944372,0
200.3319064605124,493.0706611287489,116580.47969981877,0
-134.62283086683587,651.8506435856688,6484.605512724045,0
86.16418767738631,225.6012594881672,122004436.23459774,0
204.54478761991427,750.3235540594758,15609.984991540168,0
-32.749110008855276,166.6448634733893,28421003.148188423,0
-5.495144753171268,899.2824639221053,2700.8230480842567,0
-13.326340668306385,141.167425412546,6520238927.037183,0
1.9286900136510838,463.2577659140893,89695.99928993949,0
154.24963154011462,323.1146516594629,37103812.54589684,0
287.3619912777648,583.2170875071085,569284.5186062084,0
73.31508671079521,601.9956527764057,15297.650906276906,0
144.4427434299337,632.2973361700001,63728.710665279454,0
-414.02984146204915,905.0762392976524,2670.9005908641666,0
-192.57824041213186,866.0560083128497,2664.1748431369347,0
98.94861880219588,352.4138201178193,2694634.4098252463,0
-177.3356182778533,392.7923736438425,27053.49785852503,0
116.88542896177883,898.698683319069,3277.3237889246207,0
-423.0675219273102,935.7203235044384,1780.8931229793268,0
349.75190052755113,800.4253582836618,14430.138736223766,0
-358.6196021034489,921.7436389009536,2294.6302820546325,0
11.82597610462797,116.7404977527312,2583159837942.162,0
117.61771627482862,296.5616644901089,335863.01638784003,0
95.2564312623948,194.88095580116948,1626652089.6979506,0
97.37557388909006,253.01429343376185,21422038.70667673,0
123.18659734616266,352.8089028853238,11262425.229847696,0
276.7715709386893,831.5092589877856,15810.24547285534,0
32.85192240139335,284.61820853111817,484176.41961269546,0
-52.00783764785268,126.88923310818164,90601316.04926756,0
-101.55140391440744,239.82674586317145,412195.8501647608,0
-171.21307077049676,676.3265037215073,3322.3607025605284,0
-95.18575597526329,894.79559835616,2315.1823642334225,0
44.741560459403566,727.5224954452123,10166.23530433294,0
-153.86083205232492,491.1475570273375,8310.909435806454,0
-51.69139771314159,591.3847431153719,19882.089546346117,0
-162.6699309357566,443.25440427067457,10976.42449732897,0
-72.18320502443619,648.8907801151305,9543.11967895317,0
-137.93484533428725,387.9475497784266,126149.34229611848,0
-251.20532688890395,605.7640792521569,4332.70611783432,0
-72.64119945917992,693.6050092647882,5450.181222571703,0
-194.67362907589606,897.464827845216,2361.539630690655,0
-107.80533730655253,405.0297866612159,59606.66704239716,0
99.10536192465385,325.2025298346746,2527953.571027532,0
309.5076688668368,927.5365368175508,1819.51161297928,0
187.25687741921297,405.0563381784413,613829.4299015817,0
20.009378664832443,262.3487796748408,8360263.939231922,0
103.01401373691232,258.16136133180794,458483380.5545662,0
38.41546440288854,237.26756523446312,73620914.42521134,0
228.02687604956313,735.2086755655085,3960.995133314814,0
24.728776600146915,286.73918412431453,203806.25622336488,0
251.03470427040125,784.031322023369,22154.66098821572,0
132.8550992467066,327.19345744555426,5976355.919810215,0
-189.05137064930756,815.6694856578113,3637.0978024975034,0
297.3455715289341,668.0017968254087,26004.544022388887,0
289.931702633565,718.5811271416144,12819.018982265772,0
261.62657539849806,720.7616090551294,36815.48578164484,0
221.56001992455379,501.6965040326944,3443247.983074716,0
-55.329369568422855,413.1514015060118,24335.257119545106,0
-31.11654530418935,102.25008580677952,170305063016.7435,0
-107.98543435233876,362.8260522399575,129862.76486552737,0
-119.06410878574108,263.6078912574725,139751.5438858345,0
-372.28320474583006,826.9670869069756,2494.370442430234,0
9.838467496617682,951.8228727416464,2447.77701965687,0
156.17617510647068,634.8346621432187,38998.7171039649,0
-244.74176692080465,844.0598676330308,3065.275338950957,0
-110.17997460022549,395.7896151737553,14103.78413100563,0
-86.36103055877761,313.5309829283314,214954.68592002784,0
-73.30108616225014,236.2739540498397,1107624.9511823922,0
-52.31450649504513,411.25538485992905,72736.504510642,0
60.52060113421784,563.7036636689525,17969.930248072356,0
267.7935859050743,646.9912726405325,71750.76084876481,0
-44.09502827074459,239.25687944740528,401481.8913558223,0
-274.9748761990743,732.4903731255935,3220.382752305832,0
-178.05281775108236,405.6823400756244,19497.58663811586,0
107.87451698077832,787.7109951282639,12373.267264751918,0
-117.93010990949907,276.018658593889,458973.257641606,0
-126.49160365193404,372.52188455576055,38985.80693569856,0
-93.84712431002228,743.9018857143179,6585.242889537446,0
-109.9836935276002,895.5549180157915,3252.8455685576023,0
-36.89514555546973,481.96282630792354,13749.159511618704,0
-24.971191702549252,286.78810118588785,2052665.821961991,0
41.598231541243074,199.11351316926715,686611848.3208153,0
45.09881150556874,155.6204395944633,199257103316.29715,0
393.5300377011657,833.4097476902668,25450.02631064905,0
87.06999574201362,254.737048804077,235344.75023647372,0
149.48900659815368,392.60248879958,418715.94153555686,0
173.58833097294288,715.4192060282443,9480.949591378096,0
-44.66648302694338,155.40313314037914,236540269.64348003,0
-253.95325265900826,785.7379691703078,1580.3939242930358,0
92.48691434792335,219.2612519600565,8399852527.078417,0
-28.105176100412265,164.48466908520453,83503944.94855304,0
-78.57991316574753,278.65778956072484,759207.2932977331,0
187.51233526178365,504.2435992117904,58072.62025105333,0
-244.37170090563671,823.7019761961706,689.8944025543647,0
301.9164893795781,649.1254259260207,27731.33751417299,0
-16.262561040125668,869.6715985752802,3328.9442734966246,0
-25.882936428665555,638.7759260429508,2653.500835389897,0
-76.39302413799496,423.6775157416209,44694.45753438474,0
426.3041686289014,870.2418514843223,20121.0182024112,0
-87.91210937572725,360.5248662837412,18545.00273216437,0
23.73261664654639,156.5404594804672,125857178.9099736,0
9.682959027804895,138.37835789682208,48671431061.22128,0
-120.23174750299589,618.4457579167781,3008.481630698429,0
217.5442864516844,580.4131523525316,47686.99946379198,0
50.80064817546977,132.51789022854547,1148942591923798.2,0
-360.95749587840737,886.9069341308694,1973.821173137712,0
26.631879796696843,104.48228058875644,2950227322878901.0,0
219.13418874800303,716.2065300756541,30505.78393982461,0
389.9143198949555,781.72670765786,190444.20342684773,0
-165.6758411148268,338.8744750785738,76641.37797796259,0
226.55831638011517,615.1928979636245,63794.80821782588,0
-75.18569997101062,263.3891436676521,1622717.9416748348,0
-32.22571170393211,487.0352925826721,43845.067402512745,0
-2.983353321922997,530.3783130415671,50917.17551499698,0
-38.5513889476859,561.0277005735238,3699.0019306247286,0
-211.90108478646752,637.8177403228292,6252.799745407347,0
-273.53980255155295,574.7803862313253,8949.851008750868,0
-203.49928682723953,908.3834299261756,3286.236862397903,0
48.469059851141935,361.68059416780255,1296748.1134699315,0
72.30461268213621,334.15886265147174,1782289.9533309008,0
-61.246267594709835,370.2072511726024,76616.1108761212,0
67.38195739369183,561.6197514284452,39279.89867910913,0
-37.36798530406191,509.12900928453206,29972.78274693519,0
59.955246781989196,545.4093183613072,76301.16762474504,0
7.950452882873806,887.2045116011515,5095.506761142776,0
71.37231879370269,240.4033576027245,77695779.71766797,0
-39.27167080052303,606.315996620009,18123.509487958192,0
-409.3498841328821,941.8553717071804,1595.1914884174228,0
-123.61520294848236,298.3654461413511,86590.4995005064,0
109.00224819285626,230.86838525283724,326798206.3655689,0
201.82448328226448,816.87802651273,15579.06642210651,0
-157.1507900406038,482.1268317973336,24984.16555159431,0
-163.2233019121403,580.0627444973807,9837.546648050236,0
-125.02000282041804,494.596873815262,35850.43673894063,0
114.88115648188604,247.9541672002709,4090289169.1823735,0
101.04436745257337,208.85600061176345,164894470304.0104,0
-57.3007337918155,387.0581743847073,89978.04082314168,0
328.2334480519641,823.2049682876682,31016.615144531745,0
130.69826856606642,384.1914884230514,1051904.1542568903,0
4.785082273344796,236.55597279580184,10172594.90556712,0
-25.269287262865742,764.3714936354548,5970.103548159138,0
36.92156616187099,150.7757853955202,296924775559.5217,0
374.77470156441956,931.133329103549,18173.61348681337,0
-24.785537638458177,198.0426992663751,115589054.83351494,0
38.574603200311195,748.7305282527619,7427.794334059954,0
-66.80093204277821,530.6602425621286,11744.952053443443,0
172.2265901236483,411.3521583203097,1654216.787868906,0
119.29539202058892,279.97063348124453,886140636.4554306,0
54.32513076487086,117.8393048205116,2.436765487937082e+18,0
119.52388790122717,401.4560660867476,37834.568682500205,0
56.77213491324605,240.98067412741872,386373318.5244936,0
-91.79677363385946,276.1963591197467,819280.4712182219,0
37.074554825432266,628.962632777863,6407.434088090798,0
-216.08822845944877,488.6753093759815,8001.049720296329,0
-193.83723581191418,752.0364444761665,3521.7324737338145,0
7.957505770962357,789.8076777558719,3791.56211905995,0
27.407670218350283,955.4655503140588,5450.624573829114,0
51.36516927809068,187.29272040595757,36994737271.96933,0
106.44524425851814,652.186812084798,10539.403133139198,0
31.108686576688303,102.48997461718538,1222538510438303.5,0
122.9438307007773,676.4686824796198,18008.745844529603,0
-280.4382510223701,957.9193295003514,2273.871968851294,0
38.36476986495578,608.0721951787896,21960.86014522368,0
-108.87465566942414,356.02540886879103,58970.36739282725,0
18.582618239666765,769.3161442333482,2879.433558933586,0
2.4365925300896714,160.14161593359475,2823117063.3732653,0
-215.50574121774036,889.6126244930381,4236.715198990639,0
-271.6657842265458,882.0102558755102,1635.2011903381983,0
9.482525411820037,123.92518057266338,6252455589.647656,0
127.77080163858244,587.0736944804412,11048.70525509692,0
-346.05604849177917,719.3449013618007,2096.9072445186757,0
103.15811364274649,508.5113401254613,110294.36634253232,0
-26.268656381632088,433.5323478940014,42671.057015047874,0
-299.4338469418082,848.284692317881,2977.0522049285014,0
-148.5263705335708,600.2263714012296,9150.742833530485,0
61.96903031966381,535.2487910293427,60164.131889989294,0
-186.61379799166005,484.8550356281176,16013.198588645218,0
79.24612321492032,354.85199138218724,1141834.2670618386,0
-32.64522516726932,543.5670210968922,44832.58298262232,0
-70.8071799110623,826.7415507490674,5400.845020535538,0
239.54681016126858,564.3854480386183,158527.82415355838,0
304.31556640236505,610.022429166855,228741.43283851456,0
-316.3698544595749,644.557395235946,6245.590083494334,0
166.35353354293355,925.2694184804844,6558.730660870728,0
-65.46314041110813,166.9561221766835,38352012.46606864,0
-424.8324733671803,876.2478716314308,2863.850439293765,0
194.9374170964399,498.4159401934408,470722.8137548135,0
-78.61328724373512,171.8412077339361,6101327.397083222,0
99.38547642556073,366.23781795406194,483437.48347204895,0
-24.793845735140682,354.2101456703101,96817.24181887569,0
70.84655517225339,156.39344127141158,284422485245.56934,0
37.40794033932344,234.10193200692083,50613239.304453775,0
171.53997080228055,470.4320762191628,629085.3388038651,0
95.36667456873123,194.55705002438984,86966621328.23473,0
-136.62748055477272,317.5112185469304,114573.57047443322,0
9.690924945304463,176.80047523942312,17465805.97112587,0
-53.96443424579532,136.55677400547808,315998438.60993904,0
28.79089608329988,750.8303695373472,8175.692556124403,0
89.24996301878342,217.3604770385804,84421186415.86931,0
123.41417493443207,391.4767651196389,31446.1826175682,0
-131.04789799800648,923.8303510468374,4211.06255587538,0
-279.80508749151016,608.5498140626612,9237.109808162664,0
211.31615129332616,572.5031929377509,73250.00764498448,0
4.645279030180628,166.81002377852047,1038408328.7096936,0
-6.05192509779912,733.4050820080433,7675.279033552551,0
-69.10023474548915,309.0455812006002,266133.33247405133,0
62.04903583153655,192.0484520899416,20405870230.24893,0
-14.649295244755347,854.3976066861698,3988.94432297436,0
104.55658932163534,933.590447718872,3597.5364173278567,0
31.46750831418832,126.98620539594256,1136304199608236.8,0
-81.6604924597824,355.33977104851,87913.81825079248,0
58.345756493123716,149.79746526773096,58787445203786.266,0
-144.6010972817703,357.0141940837651,181314.3868311617,0
-294.47921735750003,843.9692093270519,3370.2403712254186,0
-62.50956173058582,760.972428324504,817.9207313737124,0
184.54648290943942,865.870771062206,13867.290980486092,0
235.9842884778986,542.5388872891172,719776.0592982254,0
-306.7526587115012,930.5243057022636,1583.2371167936012,0
-0.08105352852947338,380.2941152272528,44801.562219686966,0
237.43323968962443,476.272244767731,1328851.5358571156,0
193.0403936966888,491.5248237111078,659938.832723359,0
216.69456067965447,917.910357323666,5016.050716063817,0
-123.85296530586204,258.7913865527818,62566.15476965237,0
-343.97657249614537,698.8520263620605,2120.935092565032,0
-102.32419002609163,575.168656302392,12341.772446585665,0
351.61627575398074,820.8175265166699,5988.727226754616,0
1.2368641941088527,135.54116749704093,132664108038.10265,0
-280.616140257462,682.4419347523622,4168.969937896593,0
81.68477663314428,422.8027135351704,8660.583388807498,0
191.63297600273074,571.1136622953685,276210.59579171427,0
72.0408656458947,476.7817655417524,22938.290564934174,0
90.59178495397579,280.8038260221049,5443258.548842171,0
-109.84480236803999,342.19033569385897,67213.61797509412,0
179.20347412020234,486.8740230892632,90276.4727004362,0
-70.33033387715142,253.36727554247176,682686.5385343855,0
146.65557947543783,317.2257345151098,10452772.283070408,0
51.684565072001575,174.82046916622494,507737166468.1131,0
-149.44041069330297,744.2628289085875,3058.3942477079045,0
117.5011550472563,475.0338391309619,195447.7837842983,0
-15.630309598621512,125.15282197924408,24258839698.838654,0
175.48516843669444,359.21724735849267,116148067.51054,0
-38.542881929684356,201.6577431680776,222043.18961953127,0
6.371878759986756,117.7837879226188,51198364440.7588,0
55.85723833174502,914.3154019249724,2575.218470888044,0
81.81616593594354,210.96865103831567,85733808030.60892,0
35.353812242933685,704.1906031271371,11202.969192324112,0
230.1523837100506,886.1323861372355,8346.40482588531,0
16.44016405533971,131.66279961846547,407046264772.53217,0
-13.861120621375683,186.4990245485992,4196411.28732696,0
-36.669624526773504,196.6681418015612,1179227.6599690688,0
1.5800687269587463,130.14649257736872,364781540543.5026,0
81.89853008260785,226.07317730463532,406303434.0054631,0
102.78369457293813,600.5058755047646,52626.5988407769,0
80.12854337146534,206.1687283474472,2396937977.447636,0
257.0257453708077,850.1474282575275,8886.448085712313,0
-92.34312143561637,195.00673939894293,1487364.922832226,0
37.622742479560806,198.39013677682803,303173695.7790342,0
37.284901976291565,716.6737737377726,5044.454557317732,0
33.31653896927213,249.98647091900463,3164641.92331094,0
14.433664802840148,157.7437927991888,230779217.2000765,0
106.69687969571012,376.9071149190773,218911.41132770551,0
27.72207837930012,163.04261937411036,445562282.1492178,0
-30.753330601888536,193.057749357075,35960891.03265856,0
-121.56016063111518,786.6677973547272,5461.984480277073,0
9.412189535219415,938.9211124893768,4300.194971746786,0
-26.059194961288103,448.1569388797578,71302.30159092858,0
-51.8785215992778,236.2288194292378,611873.2829643051,0
-0.22763672095706897,496.9084013334111,41002.22333318123,0
-82.76142937792794,168.7219300747583,3097072.5429418823,0
-25.585506674017065,325.2302507118317,410309.0290043737,0
149.68101628105356,323.1487599368944,43981073.28352631,0
-130.3483714059994,935.8375456887532,1833.0443129142952,0
-42.36020161831117,821.0291064692907,3435.9644938567467,0
-137.59999397040437,721.0280322870225,6105.51595524825,0
226.06109278219066,604.4685665570454,24722.875865397884,0
-70.57877128729476,443.00835465334256,14998.820235177816,0
166.6602076559417,613.0368707793781,109195.1708037188,0
46.163064865330306,284.9724367911006,6351682.054542189,0
-224.59729958632224,529.8480295218701,12846.277791161354,0
262.90034819361847,607.1033941430157,177438.50007868593,0
-192.81157829725083,445.40699336134986,27975.19218268245,0
-58.01198081908662,179.1798470400147,48737992.83420526,0
26.04044362059855,151.88556059194258,32066417.006330583,0
-65.66390035442724,266.0955016122084,355283.8711772248,0
115.97411201323764,711.4209054712736,15650.9884037659,0
195.97101615543002,570.5093184012374,238783.76024813385,0
-132.2012144417972,433.2297757110777,6360.080209550472,0
-65.00527927440352,724.1627722974303,13444.9941787878,0
-76.06739894588819,321.3003854834484,211086.00626469275,0
-15.828272581739169,227.395408843741,6244198.7518169405,0
27.09293309409594,654.4938058608001,8100.291110079976,0
74.22421791118217,288.19613699005413,48176674.50495812,0
128.95052087927982,830.9915836909056,11086.158422898488,0
77.12344996328594,652.0146931171953,26318.53841327388,0
-195.34161365660046,736.6118649083386,5663.932004424357,0
65.82729264222415,928.745109164883,1334.5578695014883,0
3.0452020945763296,798.3503348707358,4785.917578146837,0
-50.43112024233204,631.2055177043574,13801.82896811546,0
-86.18676717054966,799.8835940941702,2628.5833487408945,0
11.466942325527482,434.5462041627039,50205.68001112757,0
-212.04578010605067,555.8962405160036,14083.654966244778,0
226.76674619725466,934.9088139629484,11815.208912766262,0
-305.16191618431844,646.5677810325777,3384.251015045449,0
-329.1876239274764,687.5470167302362,1838.773549715101,0
-69.64185190432995,415.3419392007519,16493.782051288505,0
-129.0715180394886,312.0440183222251,59333.2142686216,0
-1.1327278764567832,122.56555920022066,96761772431.92188,0
32.3840855248174,404.3627108513836,257068.82884667552,0
-132.94192532518264,401.8385408106448,30931.68753868296,0
163.5982020270078,910.861974592492,6421.118808205337,0
66.36299831129286,283.75033728461426,165690025.76393384,0
44.26640969978842,480.2212651411157,42400.092326845726,0
-79.41629587316328,187.8501325408732,3976308.689533707,0
-19.308992716787714,870.4924589970676,2888.8286640217675,0
-332.74796552314217,670.6989098621258,4589.113878337706,0
240.9487444638762,814.9207110635512,16575.582505362683,0
81.07241196005168,231.3491106442104,172468615.20829722,0
112.62056426112899,281.7131158611612,7468387.07395943,0
52.743595283744746,111.28174343630822,2.07273847458696e+18,0
315.5631176392728,896.3469270367049,13437.118274758748,0
35.53560357885025,172.21583593306164,1045056988.0381292,0
-132.895611665006,278.87619413337626,28215.573722133508,0
59.17745384592917,657.1048028371716,4883.577789578329,0
-88.84206001738724,683.0036034594395,8414.530082575184,0
-10.17468937566766,374.8016606452517,379430.72681215167,0
251.62430076642408,926.1672577587926,7064.405676474469,0
30.145742918210022,335.3929225528246,2918645.943511935,0
113.46901458192809,234.28379145467025,239559753957.2228,0
76.9826775827764,185.1570524856716,579744216448.7563,0
387.48546301920794,954.1982569818216,8892.629772163338,0
-18.889717890290658,619.0262215277015,9882.008570824082,0
-4.846682519322305,112.01215952215644,10445077939825.19,0
-138.72107096036572,762.111105392839,5183.8881755361335,0
-49.74252033741523,384.124258487058,41948.21348216359,0
-68.69177594257268,700.4545238037725,7091.503950282834,0
-126.08510199158167,645.7682348396324,3764.814102520385,0
36.15932988747791,165.42625824244527,157068002394.09814,0
-80.25349251058981,211.4041011720232,9374113.97455874,0
22.890810729817154,415.5407029457146,304026.39630899025,0
-11.07393526997345,495.1597382930446,76109.32128885131,0
-11.990946814323717,217.44258213667197,2046799.544936306,0
183.7425899139662,846.3294987360136,5483.198629423451,0
-45.128168937307954,151.62381999438546,249527251.58465168,0
267.1308154535167,558.0701560784219,342285.73891768215,0
-72.79521572428483,182.2194373797982,17850983.71383687,0
-99.22319389904145,545.0973935971942,5466.628466589709,0
100.85664508078868,789.338704552444,6883.645721663819,0
435.4998723363132,909.830297413334,24180.536377045777,0
68.43191279179861,627.6097255169743,18579.244069086708,0
-111.18351728641706,396.5349227967608,79629.42363774423,0
-36.772405435976744,216.38193777055827,7949535.828379613,0
43.64696578394684,320.07307520092115,1069641.7777765263,0
-141.94010561301624,583.6596857726945,11748.591910234443,0
101.05172318530128,290.32047652591353,26712047.369058557,0
94.02578621634744,292.3014351600001,73901592.91278002,0
-145.57574598379836,802.0563199670391,2554.0567148781925,0
55.16241653031828,796.7880131222802,11908.301632796243,0
-182.20461876333223,627.9420035303307,8335.031982716948,0
95.74311903592181,504.6553352158544,157202.9875904139,0
-11.164227833548447,144.29787074930454,4506618592.43251,0
2.6987335678709803,107.77476246969604,675710219554.3212,0
348.3787638443001,852.0099156221572,31188.333767279488,0
-28.92539568809967,183.51091220680436,23455013.414948307,0
-21.369609707688294,143.83922327651032,270448222.2804109,0
86.76582254042711,646.5817954541434,19884.038498371527,0
87.18014193121954,472.1028238300216,107273.7941197646,0
-91.36955023596789,304.5472044985111,431431.3005075147,0
-43.88050964348497,628.3716833141559,8712.784901160754,0
101.60321524816729,475.8167448596202,300785.4791451343,0
-255.4271551359914,718.0398238891026,4056.489680034566,0
311.44149957826227,750.0036341979477,15632.52964456194,0
45.806052451450974,415.90519944980224,95098.72802570504,0
-66.41686889453226,175.38756967185827,839411.1232038932,0
45.54804506259735,463.3074005188677,38002.47307818244,0
-38.07651586692685,451.8449211522219,38187.73197322332,0
131.8803990477338,275.09960808028075,747745117.1351005,0
-166.4325219720794,421.9254061004125,55955.72826082632,0
6.672237679270466,529.5353177737475,40345.795793844336,0
-201.56203940752226,658.9885248383499,4287.849652059944,0
302.20743170543733,877.6770805408556,9978.865987847706,0
-10.337411122534078,564.3518176739024,24454.499488681515,0
-1.2165588605704272,250.47516060300404,842223.9420253951,0
-408.02691107322454,897.5008577952105,2771.572360587076,0
-121.62016003498829,268.03980285107747,145996.26988367352,0
184.63617092519937,689.1204588152237,32732.09440149068,0
-226.57323703041254,519.2190823264503,12389.017822063002,0
91.52332655886526,251.724208951849,9790483.689430265,0
-226.09766665209932,469.7776889663231,18848.646554618488,0
-333.4286224302221,854.4410505360956,2852.7537039445883,0
-259.0351162171362,904.5995742661088,3076.338254804092,0
-37.419719735754434,229.04190904550984,6642883.3470881125,0
-289.38172454404275,910.227949793016,3203.389957184101,0
218.06210302508347,775.248817781686,22817.359222752737,0
79.99101383011381,707.0146555612351,22290.08074766594,0
-1.212985607063125,208.8889969254865,275815529.9666495,0
13.55140582444243,261.10866818169063,498354.1917302128,0
47.533360403706354,149.08080956592283,1327111572.1331737,0
47.81895341604118,522.2484956003502,6647.432032631927,0
89.79136875962865,215.9136315800278,3265277851.1660748,0
-16.856095709390978,325.06525105437447,408078.4154504046,0
321.2383267260604,796.5401318766756,24158.336901731112,0
-50.45821616701252,145.13697161910412,37609479.07950555,0
-47.77729337739628,784.176293969309,7631.308238931783,0
-111.16439384811977,414.65132447586114,74457.25983820482,0
201.01248977098112,680.8599191563586,46937.544023627655,0
-16.422238170903196,134.91905332115465,70008500324.28844,0
181.63978256802824,660.0867412003466,24365.896938499336,0
-198.26774154262148,610.8987785270416,9022.109053778036,0
399.1385287953646,902.364693918596,35448.59488044195,0
284.41252625795505,876.063772042143,2944.4882961406315,0
24.852224791523234,107.82720424348656,1.5101735061991072e+16,0
100.70089067204405,689.9359793887094,7351.8292631258255,0
-240.36195815211656,794.7429619196597,2369.062702169338,0
10.583026081771644,589.3392867000287,24650.73068870111,0
46.03564873982397,196.37571895923335,21792251848.54667,0
-202.54671199116,656.2862121446773,4996.461829863639,0
260.9210134745799,731.8087425844625,42720.35938643229,0
178.8278484129943,448.877018896147,2729636.160943476,0
-49.88431480807478,547.7480194535649,8303.827820608072,0
-16.27307257489601,202.86026105793576,7738591.659091599,0
50.172185675265894,135.48386146908194,716919666802150.5,0
-13.375272680205567,256.5820499418217,506804.6925883224,0
242.03403415916762,530.4783791890873,195822.81137242308,0
-81.25610952732956,776.9163164510954,5025.508606165178,0
-79.77052060142215,909.8020219441728,1814.2165275541104,0
-16.01272438263065,281.7123655390426,750319.408826261,0
-381.84054084034943,892.8359571393231,1886.9781107323229,0
66.57533931386112,372.1806498528076,990687.086377186,0
146.01734699825843,673.0510001047969,29633.232732602588,0
-273.55863515654073,567.7791287500456,8666.106707102896,0
-31.527680434874508,211.67869582516948,16748111.77898452,0
-331.8324652071653,667.7533343037687,5830.252488501109,0
-32.45231436430073,717.9699532352579,7125.031906453174,0
-14.794991168681424,545.4488197352629,17357.361268837,0
116.38273053735516,417.5293980229231,936264.4227065915,0
-117.61532949867863,549.4784628949072,13250.967970425623,0
-267.18349758824183,639.8425292083078,4129.169155415085,0
-149.71192586610718,400.93915817327087,31683.116359203603,0
332.4185390361631,714.5825496278229,80809.97551389977,0
249.14858366839883,611.2476967840114,221771.7791765176,0
338.91313231606574,925.4072980543292,9589.11717508213,0
309.0230330376469,850.2772494581975,15580.789152064684,0
87.49846538322434,859.5385846850256,3257.7106483283983,0
-223.45386062829013,551.6643447973158,12944.393856207593,0
-22.52920993864392,296.4414472412245,996762.7992630888,0
-176.0841528162575,503.091930345534,8827.939327638449,0
89.37372767980015,662.5862702700088,22862.075897020928,0
-27.620760159024385,847.4605848634485,4200.38948223116,0
-217.85286185456582,631.4013050986703,6016.250388134246,0
32.37940776425373,684.5488403683419,12488.220231191275,0
178.9843596913684,475.58056255901033,39816.46963983245,0
-75.65400335369785,419.6003715156762,39893.31547999526,0
121.02783694574252,802.8612524416735,9010.954505469132,0
-48.31061473066398,639.1739577772232,20664.281065346782,0
280.7023515961659,819.1182004966703,27810.336844257403,0
-31.29612020611984,391.1035379963204,110693.31666810608,0
-72.93979734818244,712.7026560981369,5756.523467940614,0
-131.74311051881458,801.8677753522586,1201.47169755772,0
-77.58959592481663,477.6175580128494,10801.158427422,0
46.268368444128534,868.9962841986322,4219.876801477053,0
327.48414745301494,756.3145588460033,14357.567104759077,0
-45.69334858797195,422.03969040995,98881.78629922136,0
-16.951860545810415,112.76194919643387,143487663928.39066,0
151.16596725059983,306.500058347058,76427256.65040496,0
105.31450206305746,509.8434972958914,53062.48904508181,0
-188.89126683320225,746.0578014703852,2025.8227698308428,0
43.2467986967119,211.12600777960145,104432268.17011864,0
-104.10198055473366,372.1100003327521,111991.59950673504,0
303.33292621371316,773.3359991609707,38880.16249206284,0
-12.052346119586511,246.7040614566532,2945249.091637153,0
87.43872089517477,693.3724778599022,7869.50641029767,0
196.5069912824336,748.5284093106135,30928.06337468169,0
-86.75968590439378,182.6734254045172,4759758.090316193,0
-143.57735731623373,328.83988276787,31149.56832702336,0
195.54865552861492,683.2171424409107,61546.55204337663,0
105.98598764050051,409.7933436966566,1247649.5101561674,0
-82.39265015540387,277.3189149274799,179527.51427193478,0
-204.0781584937904,466.86442789614046,16075.210911961114,0
-79.84019338806027,297.1159525948318,298511.96481392253,0
112.55597498056281,666.2123805853543,30730.946794262403,0
17.89547643784112,235.73249838178265,2126118.309979617,0
-47.24324105542856,362.5077726024393,66019.87133159686,0
257.18407487027264,679.8773231764715,64188.34494974662,0
84.31819565029338,479.91048162885824,183002.0656976413,0
42.66288599095768,254.26783351221889,41580933.29501827,0
-119.06909048608254,941.1694716128244,3074.4244900685026,0
317.47320335729756,678.4750520554941,306599.5517280255,0
-247.7366588479537,953.340724258075,2143.6049650959767,0
242.38944497985943,759.9337216881195,16252.36940193872,0
81.37756235842679,941.2787620229404,5097.069380207603,0
-160.7011108243462,416.739628004138,39685.21902853822,0
-328.65308241350294,807.9030436486322,3741.708040107479,0
94.34769461991596,233.26249202547197,18943916413.197758,0
-122.40996294223963,387.0624816771024,16585.627437602965,0
65.3593936856826,225.1004067328988,238050096.102297,0
-176.03008016929033,938.9185552467712,1978.1934849335644,0
276.8996996804928,616.2477657140681,55638.43452594495,0
251.88075957528397,522.9030477612429,433398.2153022837,0
-14.327553432289658,349.2661141825925,72807.12082364164,0
286.17186580805287,596.1766894772537,342834.12524787924,0
400.87643668327,925.3343789027545,23144.9364699183,0
-221.03446816188676,545.338220376218,17051.25281174365,0
10.041762590977832,517.346239516974,20945.642173661698,0
-9.920154150059082,135.18264460969746,5463722680.0345125,0
138.95834570879015,583.1938006495095,65695.58547501544,0
167.5703373890378,533.5361002626087,18138.69170649077,0
105.5174852612706,391.9742636229581,422287.06738751,0
47.19902293490934,109.90038549130377,346349459184402.7,0
-224.20280832015848,921.43875939077,3293.5113365682155,0
135.78440751331627,771.2930883527372,3545.04655282377,0
62.898996264438786,302.64650649157886,1722697.8699583814,0
302.0819234177673,687.1534118029272,56628.387196450734,0
84.72972155312293,273.2345126568265,2218680.4592185607,0
31.603507431138656,413.8396406006372,171928.3015056666,0
378.4446425505246,837.8653966953152,44444.631808481725,0
-237.34673219750562,559.028490802014,5431.246335303571,0
-269.14024708873444,613.3107007829735,3438.748575553844,0
-379.5239871599416,881.5817174790614,2252.355980852309,0
157.95212496975398,705.323246431602,38796.21297645702,0
12.449310865046069,800.0740246263113,4743.162085712145,0
-80.64021632181431,259.0811235381236,190895.64247316905,0
-394.44292732937237,873.4655848827969,2889.149428879559,0
212.44460238522734,456.98764330908233,44439.24103959355,0
-266.08092585068675,605.4338132077625,6453.495499965384,0
-254.98413319853373,630.9643038293474,6111.764560278641,0
-194.9011518276344,859.5363014329214,4211.599890511393,0
-125.0569518358654,308.1683529052657,130311.65880732516,0
105.72326377534058,753.8006667996136,24537.826471951128,0
-194.65386272269623,683.8882578927512,5411.921701394098,0
-0.3428486317289786,300.019721324829,3262885.415100129,0
100.68924528376026,879.9629467746325,3724.142663499877,0
128.35049424814508,401.0285401416047,935181.8360486216,0
-143.95182472580836,664.1478045615047,6830.233697927708,0
168.92951504044566,643.1132901175082,62430.757471421086,0
110.88771840101697,313.1235366783669,143533858.4764132,0
-156.37058652481466,703.5390851672041,2360.630815046069,0
268.88596515476047,870.0595029997071,5108.569844057561,0
83.77517933873479,636.098136216357,27518.835584163884,0
-176.22904403495528,485.42193719202953,16659.605751728803,0
-246.65653414327244,798.806229219048,3673.348567047861,0
-7.848872740422441,113.09330464353592,128480633713.2187,0
-323.07716591603963,731.3191490042876,3560.384206325888,0
-269.15244048797024,805.7430557583342,3169.514418244699,0
68.78623210630286,273.0657022873953,82751180.89351276,0
